file,title,description,link,board,keywords
pins/angel-number-000.png,"000 Angel Number Meaning — Fresh Starts, Love & Twin Flame","Seeing 000 everywhere? Learn what this number of fresh starts, oneness, and infinite potential means for your life, love, and twin flame path. Tap for the full meaning — love, money, career & twin flame. #000angelnumber #000meaning #seeing000 #000love #000twinflame",https://moonwhisper-hipower159-6132s-projects.vercel.app/posts/angel-number-000,Angel Numbers,"000 angel number, 000 meaning, seeing 000, 000 love, 000 twin flame"
pins/angel-number-1010.png,"1010 Angel Number Meaning — Love, Money & Twin Flame","Keep seeing 1010? Learn why this number of growth, alignment, and fresh starts is appearing, and what it means for your love life, finances, and twin flame journey. Tap for the full meaning — love, money, career & twin flame. #1010angelnumber #1010meaning #seeing1010 #1010love #1010twinflame",https://moonwhisper-hipower159-6132s-projects.vercel.app/posts/angel-number-1010,Angel Numbers,"1010 angel number, 1010 meaning, seeing 1010, 1010 love, 1010 twin flame"
pins/angel-number-1044.png,"1044 Angel Number Meaning — Build It Right, Build It Now","Seeing 1044? It's about laying real foundations — disciplined effort, honest structure, and support you can't always see. Here's what 1044 means. Tap for the full meaning — love, money, career & twin flame. #1044angelnumber #1044meaning #seeing1044 #1044twinflame #1044love",https://moonwhisper-hipower159-6132s-projects.vercel.app/posts/angel-number-1044,Angel Numbers,"1044 angel number, 1044 meaning, seeing 1044, 1044 twin flame, 1044 love"
pins/angel-number-111.png,"111 Angel Number Meaning — Love, Money & Twin Flame","Seeing 111 everywhere? It's a wake-up call about fresh starts and the power of your own thoughts. Here's what 111 really means. Tap for the full meaning — love, money, career & twin flame. #111angelnumber #111meaning #seeing111 #111love #111twinflame",https://moonwhisper-hipower159-6132s-projects.vercel.app/posts/angel-number-111,Angel Numbers,"111 angel number, 111 meaning, seeing 111, 111 love, 111 twin flame"
pins/angel-number-1111.png,"1111 Angel Number Meaning — Manifestation, Love & Twin Flame","Keep seeing 1111? Discover why this powerful manifestation and awakening number is showing up, and what it means for love, money, and twin flames. Tap for the full meaning — love, money, career & twin flame. #1111angelnumber #1111meaning #seeing1111 #1111love #1111twinflame",https://moonwhisper-hipower159-6132s-projects.vercel.app/posts/angel-number-1111,Angel Numbers,"1111 angel number, 1111 meaning, seeing 1111, 1111 love, 1111 twin flame"
pins/angel-number-1122.png,"1122 Angel Number Meaning — Love, Money & Twin Flame","1122 is the master builder's call to align your biggest vision with real, steady action so your dreams can take shape. Tap for the full meaning — love, money, career & twin flame. #1122angelnumber #1122meaning #seeing1122 #1122love #1122twinflame",https://moonwhisper-hipower159-6132s-projects.vercel.app/posts/angel-number-1122,Angel Numbers,"1122 angel number, 1122 meaning, seeing 1122, 1122 love, 1122 twin flame"
pins/angel-number-1133.png,"1133 Angel Number Meaning — Love, Money & Twin Flame","1133 is a burst of creative energy and expansion, with your guides amplifying your growth and urging you to express your true self. Tap for the full meaning — love, money, career & twin flame. #1133angelnumber #1133meaning #seeing1133 #1133love #1133twinflame",https://moonwhisper-hipower159-6132s-projects.vercel.app/posts/angel-number-1133,Angel Numbers,"1133 angel number, 1133 meaning, seeing 1133, 1133 love, 1133 twin flame"
pins/angel-number-1155.png,"1155 Angel Number Meaning — Love, Money & Twin Flame","1155 signals major change and freedom — a call to break old patterns and step boldly into your transformation. Tap for the full meaning — love, money, career & twin flame. #1155angelnumber #1155meaning #seeing1155 #1155love #1155twinflame",https://moonwhisper-hipower159-6132s-projects.vercel.app/posts/angel-number-1155,Angel Numbers,"1155 angel number, 1155 meaning, seeing 1155, 1155 love, 1155 twin flame"
pins/angel-number-1212.png,"1212 Angel Number Meaning — Alignment, Love & Twin Flame","Seeing 1212 everywhere? Learn what this number of alignment, growth, and positive momentum means for your life, love, career, and twin flame journey. Tap for the full meaning — love, money, career & twin flame. #1212angelnumber #1212meaning #seeing1212 #1212love #1212twinflame",https://moonwhisper-hipower159-6132s-projects.vercel.app/posts/angel-number-1212,Angel Numbers,"1212 angel number, 1212 meaning, seeing 1212, 1212 love, 1212 twin flame"
pins/angel-number-1221.png,"1221 Angel Number Meaning — Love, Money & Twin Flame","1221 is a mirror moment about balance and fresh starts, reminding you to stay positive as new beginnings take shape. Tap for the full meaning — love, money, career & twin flame. #1221angelnumber #1221meaning #seeing1221 #1221love #1221twinflame",https://moonwhisper-hipower159-6132s-projects.vercel.app/posts/angel-number-1221,Angel Numbers,"1221 angel number, 1221 meaning, seeing 1221, 1221 love, 1221 twin flame"
pins/angel-number-123.png,"123 Angel Number Meaning — Love, Money & Twin Flame","Keep seeing 123? Learn why this number of simple forward movement and taking the next step is showing up, and what it means for love, money, and twin flames. Tap for the full meaning — love, money, career & twin flame. #123angelnumber #123meaning #seeing123 #123love #123twinflame",https://moonwhisper-hipower159-6132s-projects.vercel.app/posts/angel-number-123,Angel Numbers,"123 angel number, 123 meaning, seeing 123, 123 love, 123 twin flame"
pins/angel-number-1234.png,"1234 Angel Number Meaning — Love, Money & Twin Flame","Seeing 1234 everywhere? Discover why this number of step-by-step progress and forward momentum is appearing, and what it means for love, money, and twin flames. Tap for the full meaning — love, money, career & twin flame. #1234angelnumber #1234meaning #seeing1234 #1234love #1234twinflame",https://moonwhisper-hipower159-6132s-projects.vercel.app/posts/angel-number-1234,Angel Numbers,"1234 angel number, 1234 meaning, seeing 1234, 1234 love, 1234 twin flame"
pins/angel-number-202.png,"202 Angel Number Meaning — Love, Money & Twin Flame","202 is a soft call to keep the faith, practice patience, and trust that things are unfolding in their own right time. Tap for the full meaning — love, money, career & twin flame. #202angelnumber #202meaning #seeing202 #202love #202twinflame",https://moonwhisper-hipower159-6132s-projects.vercel.app/posts/angel-number-202,Angel Numbers,"202 angel number, 202 meaning, seeing 202, 202 love, 202 twin flame"
pins/angel-number-222.png,"222 Angel Number Meaning — Love, Money & Twin Flame","Keep seeing 222? It's a gentle sign to trust the process, seek balance, and give things time to grow. Here's what 222 really means. Tap for the full meaning — love, money, career & twin flame. #222angelnumber #222meaning #seeing222 #222love #222twinflame",https://moonwhisper-hipower159-6132s-projects.vercel.app/posts/angel-number-222,Angel Numbers,"222 angel number, 222 meaning, seeing 222, 222 love, 222 twin flame"
pins/angel-number-232.png,"232 Angel Number Meaning — Love, Money & Twin Flame","Seeing 232 is a reminder to keep faith, nurture your partnerships, and trust the process as things quietly fall into place. Tap for the full meaning — love, money, career & twin flame. #232angelnumber #232meaning #seeing232 #232love #232twinflame",https://moonwhisper-hipower159-6132s-projects.vercel.app/posts/angel-number-232,Angel Numbers,"232 angel number, 232 meaning, seeing 232, 232 love, 232 twin flame"
pins/angel-number-313.png,"313 Angel Number Meaning — Love, Money & Twin Flame","Seeing 313 is an uplifting sign to stay optimistic, express your truth, and lean on the support surrounding you. Tap for the full meaning — love, money, career & twin flame. #313angelnumber #313meaning #seeing313 #313love #313twinflame",https://moonwhisper-hipower159-6132s-projects.vercel.app/posts/angel-number-313,Angel Numbers,"313 angel number, 313 meaning, seeing 313, 313 love, 313 twin flame"
pins/angel-number-333.png,"333 Angel Number Meaning — Love, Money & Twin Flame","Seeing 333 a lot? It's a sign of growth, creativity, and support around you. Here's what 333 really means and how to use it. Tap for the full meaning — love, money, career & twin flame. #333angelnumber #333meaning #seeing333 #333love #333twinflame",https://moonwhisper-hipower159-6132s-projects.vercel.app/posts/angel-number-333,Angel Numbers,"333 angel number, 333 meaning, seeing 333, 333 love, 333 twin flame"
pins/angel-number-344.png,344 Angel Number Meaning — The Work Is Working,"Seeing 344? It's reassurance that your effort and support are paying off. Here's what 344 means for love, work, and staying the course. Tap for the full meaning — love, money, career & twin flame. #344angelnumber #344meaning #seeing344 #344twinflame #344love",https://moonwhisper-hipower159-6132s-projects.vercel.app/posts/angel-number-344,Angel Numbers,"344 angel number, 344 meaning, seeing 344, 344 twin flame, 344 love"
pins/angel-number-404.png,"404 Angel Number Meaning — Love, Money & Twin Flame","404 is a grounded message about stability, protection, and building foundations strong enough to last. Tap for the full meaning — love, money, career & twin flame. #404angelnumber #404meaning #seeing404 #404love #404twinflame",https://moonwhisper-hipower159-6132s-projects.vercel.app/posts/angel-number-404,Angel Numbers,"404 angel number, 404 meaning, seeing 404, 404 love, 404 twin flame"
pins/angel-number-411.png,"411 Angel Number Meaning — Love, Money & Twin Flame","Seeing 411 is a wake-up nudge that guidance is arriving and it's time to get organized and act on what you learn. Tap for the full meaning — love, money, career & twin flame. #411angelnumber #411meaning #seeing411 #411love #411twinflame",https://moonwhisper-hipower159-6132s-projects.vercel.app/posts/angel-number-411,Angel Numbers,"411 angel number, 411 meaning, seeing 411, 411 love, 411 twin flame"
pins/angel-number-444.png,"444 Angel Number Meaning — Love, Money & Twin Flame","Keep seeing 444? It's a sign of protection, stability, and support on your path. Here's what 444 really means and what to do about it. Tap for the full meaning — love, money, career & twin flame. #444angelnumber #444meaning #seeing444 #444love #444twinflame",https://moonwhisper-hipower159-6132s-projects.vercel.app/posts/angel-number-444,Angel Numbers,"444 angel number, 444 meaning, seeing 444, 444 love, 444 twin flame"
pins/angel-number-505.png,"505 Angel Number Meaning — Love, Money & Twin Flame","505 signals big transformation and hard-won freedom — an invitation to stop bracing against change and start riding it. Tap for the full meaning — love, money, career & twin flame. #505angelnumber #505meaning #seeing505 #505love #505twinflame",https://moonwhisper-hipower159-6132s-projects.vercel.app/posts/angel-number-505,Angel Numbers,"505 angel number, 505 meaning, seeing 505, 505 love, 505 twin flame"
pins/angel-number-555.png,"555 Angel Number Meaning — Love, Money & Twin Flame","Seeing 555 everywhere? Big change is coming. Here's what 555 really means for your love life, money, and next chapter. Tap for the full meaning — love, money, career & twin flame. #555angelnumber #555meaning #seeing555 #555love #555twinflame",https://moonwhisper-hipower159-6132s-projects.vercel.app/posts/angel-number-555,Angel Numbers,"555 angel number, 555 meaning, seeing 555, 555 love, 555 twin flame"
pins/angel-number-606.png,"606 Angel Number Meaning — Love, Money & Twin Flame","606 is a gentle nudge to tend your home, your people, and your inner balance without drowning in material worry. Tap for the full meaning — love, money, career & twin flame. #606angelnumber #606meaning #seeing606 #606love #606twinflame",https://moonwhisper-hipower159-6132s-projects.vercel.app/posts/angel-number-606,Angel Numbers,"606 angel number, 606 meaning, seeing 606, 606 love, 606 twin flame"
pins/angel-number-616.png,"616 Angel Number Meaning — Love, Money & Twin Flame","Seeing 616 is a call to nurture home, heal relationships, and find balance between your material and emotional worlds. Tap for the full meaning — love, money, career & twin flame. #616angelnumber #616meaning #seeing616 #616love #616twinflame",https://moonwhisper-hipower159-6132s-projects.vercel.app/posts/angel-number-616,Angel Numbers,"616 angel number, 616 meaning, seeing 616, 616 love, 616 twin flame"
pins/angel-number-666.png,666 Angel Number Meaning — Why It's Not What You Fear,"Scared of seeing 666? It's not a bad omen. Here's the real meaning of 666 — balance, refocusing, and getting your energy out of worry. Tap for the full meaning — love, money, career & twin flame. #666angelnumber #666meaning #seeing666 #is666bad #666twinflame",https://moonwhisper-hipower159-6132s-projects.vercel.app/posts/angel-number-666,Angel Numbers,"666 angel number, 666 meaning, seeing 666, is 666 bad, 666 twin flame"
pins/angel-number-707.png,"707 Angel Number Meaning — Love, Money & Twin Flame","707 is a sign of spiritual awakening, good fortune, and inner wisdom — confirmation that you're on the right path. Tap for the full meaning — love, money, career & twin flame. #707angelnumber #707meaning #seeing707 #707love #707twinflame",https://moonwhisper-hipower159-6132s-projects.vercel.app/posts/angel-number-707,Angel Numbers,"707 angel number, 707 meaning, seeing 707, 707 love, 707 twin flame"
pins/angel-number-717.png,"717 Angel Number Meaning — Love, Money & Twin Flame","Seeing 717 everywhere? Discover why this number of being on the right path, spiritual growth, and good luck is appearing, and what it means for love and twin flames. Tap for the full meaning — love, money, career & twin flame. #717angelnumber #717meaning #seeing717 #717love #717twinflame",https://moonwhisper-hipower159-6132s-projects.vercel.app/posts/angel-number-717,Angel Numbers,"717 angel number, 717 meaning, seeing 717, 717 love, 717 twin flame"
pins/angel-number-777.png,"777 Angel Number Meaning — Luck, Love & Twin Flame","Seeing 777 everywhere? Here's what this lucky, spiritually aligned angel number means for your life, love, money, and twin flame journey. Tap for the full meaning — love, money, career & twin flame. #777angelnumber #777meaning #seeing777 #777love #777twinflame",https://moonwhisper-hipower159-6132s-projects.vercel.app/posts/angel-number-777,Angel Numbers,"777 angel number, 777 meaning, seeing 777, 777 love, 777 twin flame"
pins/angel-number-818.png,"818 Angel Number Meaning — Love, Money & Twin Flame","Keep seeing 818? Learn why this number of abundance, financial shifts, karmic balance, and personal power is appearing, and what it means for love and twin flames. Tap for the full meaning — love, money, career & twin flame. #818angelnumber #818meaning #seeing818 #818love #818twinflame",https://moonwhisper-hipower159-6132s-projects.vercel.app/posts/angel-number-818,Angel Numbers,"818 angel number, 818 meaning, seeing 818, 818 love, 818 twin flame"
pins/angel-number-888.png,"888 Angel Number Meaning — Abundance, Money & Twin Flame","Keep seeing 888? Discover what this powerful abundance number means for your finances, love life, career, and twin flame connection. Tap for the full meaning — love, money, career & twin flame. #888angelnumber #888meaning #seeing888 #888love #888twinflame",https://moonwhisper-hipower159-6132s-projects.vercel.app/posts/angel-number-888,Angel Numbers,"888 angel number, 888 meaning, seeing 888, 888 love, 888 twin flame"
pins/angel-number-909.png,"909 Angel Number Meaning — Love, Money & Twin Flame","909 marks completion and closure — the clearing of an old chapter to make room for your true purpose. Tap for the full meaning — love, money, career & twin flame. #909angelnumber #909meaning #seeing909 #909love #909twinflame",https://moonwhisper-hipower159-6132s-projects.vercel.app/posts/angel-number-909,Angel Numbers,"909 angel number, 909 meaning, seeing 909, 909 love, 909 twin flame"
pins/angel-number-919.png,"919 Angel Number Meaning — Love, Money & Twin Flame","Seeing 919 signals that one chapter is closing so a truer beginning aligned with your purpose can open. Tap for the full meaning — love, money, career & twin flame. #919angelnumber #919meaning #seeing919 #919love #919twinflame",https://moonwhisper-hipower159-6132s-projects.vercel.app/posts/angel-number-919,Angel Numbers,"919 angel number, 919 meaning, seeing 919, 919 love, 919 twin flame"
pins/angel-number-933.png,933 Angel Number Meaning — Something's Ending So Something Can Begin,"Seeing 933? It signals closure and creative purpose — a chapter wrapping up to make room for your real work. Here's what 933 means. Tap for the full meaning — love, money, career & twin flame. #933angelnumber #933meaning #seeing933 #933twinflame #933love",https://moonwhisper-hipower159-6132s-projects.vercel.app/posts/angel-number-933,Angel Numbers,"933 angel number, 933 meaning, seeing 933, 933 twin flame, 933 love"
pins/dream-about-a-baby.png,Dream About a Baby — Meaning & Interpretation,"A warm look at what babies in dreams often symbolize: new beginnings, vulnerability, and fresh ideas or responsibilities. Tap for the full meaning, common scenarios & what it says about you. #dreamaboutababy #babydreammeaning #babyindreams #dreamingofababy #babydreaminterpretation",https://moonwhisper-hipower159-6132s-projects.vercel.app/posts/dream-about-a-baby,Dream Meanings,"dream about a baby, baby dream meaning, baby in dreams, dreaming of a baby, baby dream interpretation"
pins/dream-about-a-car-accident.png,Dream About a Car Accident — Meaning & Interpretation,"Car accident dreams often reflect a fear of losing control or a decision going wrong — here's a calm, grounded way to read them. Tap for the full meaning, common scenarios & what it says about you. #dreamaboutacaraccident #caraccidentdreammeaning #carcrashdream #dreamingofacaraccident #caraccidentdreaminterpretation",https://moonwhisper-hipower159-6132s-projects.vercel.app/posts/dream-about-a-car-accident,Dream Meanings,"dream about a car accident, car accident dream meaning, car crash dream, dreaming of a car accident, car accident dream interpretation"
pins/dream-about-a-deceased-loved-one.png,Dream About a Deceased Loved One — Meaning & Comfort,"Dreaming of someone who passed away? What visits from a deceased loved one can mean — grief, unfinished words, comfort, and closure. Tap for the full meaning, common scenarios & what it says about you. #dreamaboutdeceasedlovedone #dreamaboutsomeonewhodied #visitationdream #dreamaboutdeadrelative #seeingadeadlovedoneinadream",https://moonwhisper-hipower159-6132s-projects.vercel.app/posts/dream-about-a-deceased-loved-one,Dream Meanings,"dream about deceased loved one, dream about someone who died, visitation dream, dream about dead relative, seeing a dead loved one in a dream"
pins/dream-about-a-funeral.png,Dream About a Funeral — Meaning & Interpretation,"Funeral dreams are almost always symbolic — about endings, letting go, and closure for a chapter of life, not a premonition of real death. Tap for the full meaning, common scenarios & what it says about you. #dreamaboutafuneral #funeraldreammeaning #dreamingofafuneral #funeralindreams #funeraldreaminterpretation",https://moonwhisper-hipower159-6132s-projects.vercel.app/posts/dream-about-a-funeral,Dream Meanings,"dream about a funeral, funeral dream meaning, dreaming of a funeral, funeral in dreams, funeral dream interpretation"
pins/dream-about-a-house.png,Dream About a House — Meaning & Interpretation,"A friendly guide to what houses in dreams reveal about your inner self, your mind, and the phase of life you're in. Tap for the full meaning, common scenarios & what it says about you. #dreamaboutahouse #housedreammeaning #houseindreams #dreamingofahouse #housedreaminterpretation",https://moonwhisper-hipower159-6132s-projects.vercel.app/posts/dream-about-a-house,Dream Meanings,"dream about a house, house dream meaning, house in dreams, dreaming of a house, house dream interpretation"
pins/dream-about-a-lion.png,Dream About a Lion — Meaning & Interpretation,"What lion dreams mean — personal power, a dominant figure, courage, and the strength you're learning to own. Here's how to read it. Tap for the full meaning, common scenarios & what it says about you. #dreamaboutalion #liondreammeaning #lionsindreams #lionattackdream #liondreaminterpretation",https://moonwhisper-hipower159-6132s-projects.vercel.app/posts/dream-about-a-lion,Dream Meanings,"dream about a lion, lion dream meaning, lions in dreams, lion attack dream, lion dream interpretation"
pins/dream-about-a-plane-crash.png,Dream About a Plane Crash — Meaning & Interpretation,"Plane crash dreams are symbolic, not premonitions — they usually reflect fear that a big plan or ambition might fail, or high-stakes anxiety about losing control. Tap for the full meaning, common scenarios & what it says about you. #dreamaboutaplanecrash #planecrashdreammeaning #dreamingofaplanecrash #planecrashindreams #planecrashdreaminterpretation",https://moonwhisper-hipower159-6132s-projects.vercel.app/posts/dream-about-a-plane-crash,Dream Meanings,"dream about a plane crash, plane crash dream meaning, dreaming of a plane crash, plane crash in dreams, plane crash dream interpretation"
pins/dream-about-a-shark.png,Dream About a Shark — Meaning & Interpretation,"What shark dreams mean — hidden threats, overwhelming emotions, and the powerful person or fear circling beneath the surface. Tap for the full meaning, common scenarios & what it says about you. #dreamaboutashark #sharkdreammeaning #sharksindreams #sharkattackdream #sharkdreaminterpretation",https://moonwhisper-hipower159-6132s-projects.vercel.app/posts/dream-about-a-shark,Dream Meanings,"dream about a shark, shark dream meaning, sharks in dreams, shark attack dream, shark dream interpretation"
pins/dream-about-a-tornado.png,Dream About a Tornado — Meaning & Interpretation,"Tornado dreams often mirror overwhelming emotions or sudden upheaval that feels out of your control — here's how to make sense of them. Tap for the full meaning, common scenarios & what it says about you. #dreamaboutatornado #tornadodreammeaning #tornadoindreams #dreamingofatornado #tornadodreaminterpretation",https://moonwhisper-hipower159-6132s-projects.vercel.app/posts/dream-about-a-tornado,Dream Meanings,"dream about a tornado, tornado dream meaning, tornado in dreams, dreaming of a tornado, tornado dream interpretation"
pins/dream-about-a-wedding.png,Dream About a Wedding — Meaning & Interpretation,"Wedding dreams usually speak to union, commitment, and new beginnings — a merging of parts of yourself far more than a literal marriage forecast. Tap for the full meaning, common scenarios & what it says about you. #dreamaboutawedding #weddingdreammeaning #dreamingofawedding #weddingindreams #weddingdreaminterpretation",https://moonwhisper-hipower159-6132s-projects.vercel.app/posts/dream-about-a-wedding,Dream Meanings,"dream about a wedding, wedding dream meaning, dreaming of a wedding, wedding in dreams, wedding dream interpretation"
pins/dream-about-an-earthquake.png,Dream About an Earthquake — Meaning & Interpretation,"Earthquake dreams point to upheaval and shaken foundations — a big life change or a sense of instability rattling the ground you stand on. Tap for the full meaning, common scenarios & what it says about you. #dreamaboutanearthquake #earthquakedreammeaning #dreamingofanearthquake #earthquakeindreams #earthquakedreaminterpretation",https://moonwhisper-hipower159-6132s-projects.vercel.app/posts/dream-about-an-earthquake,Dream Meanings,"dream about an earthquake, earthquake dream meaning, dreaming of an earthquake, earthquake in dreams, earthquake dream interpretation"
pins/dream-about-being-chased.png,Dream About Being Chased — Meaning & Interpretation,"What being chased in a dream reveals about the problem, person, or emotion you may be running from in waking life. Tap for the full meaning, common scenarios & what it says about you. #dreamaboutbeingchased #beingchaseddreammeaning #chasedinadream #biblicalmeaningofbeingchasedinadream #chasedreaminterpretation",https://moonwhisper-hipower159-6132s-projects.vercel.app/posts/dream-about-being-chased,Dream Meanings,"dream about being chased, being chased dream meaning, chased in a dream, biblical meaning of being chased in a dream, chase dream interpretation"
pins/dream-about-being-late.png,Dream About Being Late — Meaning & Interpretation,"Why running-late dreams leave you rattled, and what they reveal about time pressure, missed opportunities, and fear of falling behind. Tap for the full meaning, common scenarios & what it says about you. #dreamaboutbeinglate #beinglatedreammeaning #latedreaminterpretation #dreamingofmissingsomething #runninglatedream",https://moonwhisper-hipower159-6132s-projects.vercel.app/posts/dream-about-being-late,Dream Meanings,"dream about being late, being late dream meaning, late dream interpretation, dreaming of missing something, running late dream"
pins/dream-about-being-naked-in-public.png,Dream About Being Naked in Public — Meaning & Interpretation,"Why naked-in-public dreams show up during moments of vulnerability, and what they reveal about exposure, judgment, and being your true self. Tap for the full meaning, common scenarios & what it says about you. #dreamaboutbeingnaked #nakedinpublicdream #nakeddreammeaning #dreamingofbeingnaked #nakeddreaminterpretation",https://moonwhisper-hipower159-6132s-projects.vercel.app/posts/dream-about-being-naked-in-public,Dream Meanings,"dream about being naked, naked in public dream, naked dream meaning, dreaming of being naked, naked dream interpretation"
pins/dream-about-being-shot.png,Dream About Being Shot — Meaning & Interpretation,"What it means to dream about being shot — feeling attacked, sudden change, guilt, or a wound you haven't acknowledged. Here's how to read it. Tap for the full meaning, common scenarios & what it says about you. #dreamaboutbeingshot #gettingshotinadream #shotdreammeaning #dreamofbeingshotbutnotdying #shootingdreaminterpretation",https://moonwhisper-hipower159-6132s-projects.vercel.app/posts/dream-about-being-shot,Dream Meanings,"dream about being shot, getting shot in a dream, shot dream meaning, dream of being shot but not dying, shooting dream interpretation"
pins/dream-about-blood.png,Dream About Blood — Meaning & Interpretation,"Why blood dreams feel so intense, and what they reveal about life force, loss, strong emotion, and things that may be draining you. Tap for the full meaning, common scenarios & what it says about you. #dreamaboutblood #blooddreammeaning #seeingbloodinadream #blooddreaminterpretation #dreamingofblood",https://moonwhisper-hipower159-6132s-projects.vercel.app/posts/dream-about-blood,Dream Meanings,"dream about blood, blood dream meaning, seeing blood in a dream, blood dream interpretation, dreaming of blood"
pins/dream-about-cats.png,Dream About Cats — Meaning & Interpretation,"Cat dreams often point to independence, intuition, and the parts of yourself you keep private — here's how to read them. Tap for the full meaning, common scenarios & what it says about you. #dreamaboutcats #catdreammeaning #catsindreams #dreamingofcats #catdreaminterpretation",https://moonwhisper-hipower159-6132s-projects.vercel.app/posts/dream-about-cats,Dream Meanings,"dream about cats, cat dream meaning, cats in dreams, dreaming of cats, cat dream interpretation"
pins/dream-about-cheating.png,Dream About Cheating — Meaning & Interpretation,"Cheating dreams are usually about insecurity, trust, or neglect — not literal prediction. Here's a gentle, grounded way to read them. Tap for the full meaning, common scenarios & what it says about you. #dreamaboutcheating #cheatingdreammeaning #cheatingindreams #dreamingofcheating #cheatingdreaminterpretation",https://moonwhisper-hipower159-6132s-projects.vercel.app/posts/dream-about-cheating,Dream Meanings,"dream about cheating, cheating dream meaning, cheating in dreams, dreaming of cheating, cheating dream interpretation"
pins/dream-about-death.png,Dream About Death — Meaning & Interpretation,"What death dreams usually mean in Western dream interpretation — endings, transformation, and new beginnings, not literal loss. Tap for the full meaning, common scenarios & what it says about you. #dreamaboutdeath #deathdreammeaning #dreamingofsomeonedying #deathindreams #dreaminterpretationdeath",https://moonwhisper-hipower159-6132s-projects.vercel.app/posts/dream-about-death,Dream Meanings,"dream about death, death dream meaning, dreaming of someone dying, death in dreams, dream interpretation death"
pins/dream-about-dogs.png,Dream About Dogs — Meaning & Interpretation,"A warm guide to what dogs in dreams often represent: loyalty, friendship, protection, and the occasional conflict or threat. Tap for the full meaning, common scenarios & what it says about you. #dreamaboutdogs #dogdreammeaning #dogsindreams #dreamingofdogs #dogdreaminterpretation",https://moonwhisper-hipower159-6132s-projects.vercel.app/posts/dream-about-dogs,Dream Meanings,"dream about dogs, dog dream meaning, dogs in dreams, dreaming of dogs, dog dream interpretation"
pins/dream-about-drowning.png,Dream About Drowning — Meaning & Interpretation,"Drowning dreams usually reflect feeling overwhelmed or in over your head emotionally — here's how to read them and what surfacing can mean. Tap for the full meaning, common scenarios & what it says about you. #dreamaboutdrowning #drowningdreammeaning #drowningindreams #dreamingofdrowning #drowningdreaminterpretation",https://moonwhisper-hipower159-6132s-projects.vercel.app/posts/dream-about-drowning,Dream Meanings,"dream about drowning, drowning dream meaning, drowning in dreams, dreaming of drowning, drowning dream interpretation"
pins/dream-about-falling.png,Dream About Falling — Meaning & Interpretation,"What falling dreams reveal about loss of control, insecurity, and the moments when you may need to let go. Tap for the full meaning, common scenarios & what it says about you. #dreamaboutfalling #fallingdreammeaning #fallingindreams #biblicalmeaningoffallinginadream #fallingdreaminterpretation",https://moonwhisper-hipower159-6132s-projects.vercel.app/posts/dream-about-falling,Dream Meanings,"dream about falling, falling dream meaning, falling in dreams, biblical meaning of falling in a dream, falling dream interpretation"
pins/dream-about-fire.png,Dream About Fire — Meaning & Interpretation,"A warm, practical guide to what fire in your dreams may reflect about transformation, passion, anger, and renewal. Tap for the full meaning, common scenarios & what it says about you. #dreamaboutfire #firedreammeaning #fireindreams #dreamingoffire #firedreaminterpretation",https://moonwhisper-hipower159-6132s-projects.vercel.app/posts/dream-about-fire,Dream Meanings,"dream about fire, fire dream meaning, fire in dreams, dreaming of fire, fire dream interpretation"
pins/dream-about-flying.png,Dream About Flying — Meaning & Interpretation,"What flying dreams usually symbolize — freedom, control, ambition, and the feeling of rising above your problems. Tap for the full meaning, common scenarios & what it says about you. #dreamaboutflying #flyingdreammeaning #dreamingofflying #flyingindreams #dreaminterpretationflying",https://moonwhisper-hipower159-6132s-projects.vercel.app/posts/dream-about-flying,Dream Meanings,"dream about flying, flying dream meaning, dreaming of flying, flying in dreams, dream interpretation flying"
pins/dream-about-hair-falling-out.png,Dream About Hair Falling Out — Meaning & Interpretation,"Why hair-loss dreams unsettle us, and what they reveal about aging, appearance, confidence, and a fear of losing control. Tap for the full meaning, common scenarios & what it says about you. #dreamabouthairfallingout #hairfallingoutdreammeaning #losinghairinadream #hairlossdreaminterpretation #dreamingofhairfallingout",https://moonwhisper-hipower159-6132s-projects.vercel.app/posts/dream-about-hair-falling-out,Dream Meanings,"dream about hair falling out, hair falling out dream meaning, losing hair in a dream, hair loss dream interpretation, dreaming of hair falling out"
pins/dream-about-losing-your-phone.png,Dream About Losing Your Phone — Meaning & Interpretation,"Losing your phone in a dream often reflects a fear of disconnection, a loss of control, or worry about missing important communication and connection. Tap for the full meaning, common scenarios & what it says about you. #dreamaboutlosingyourphone #losingphonedreammeaning #dreamingoflosingyourphone #lostphoneindreams #lostphonedreaminterpretation",https://moonwhisper-hipower159-6132s-projects.vercel.app/posts/dream-about-losing-your-phone,Dream Meanings,"dream about losing your phone, losing phone dream meaning, dreaming of losing your phone, lost phone in dreams, lost phone dream interpretation"
pins/dream-about-money.png,Dream About Money — Meaning & Interpretation,"A clear guide to what money in dreams reflects about self-worth, opportunity, power, and your feelings around gain and loss. Tap for the full meaning, common scenarios & what it says about you. #dreamaboutmoney #moneydreammeaning #moneyindreams #dreamingofmoney #moneydreaminterpretation",https://moonwhisper-hipower159-6132s-projects.vercel.app/posts/dream-about-money,Dream Meanings,"dream about money, money dream meaning, money in dreams, dreaming of money, money dream interpretation"
pins/dream-about-pregnancy.png,Dream About Pregnancy — Meaning & Interpretation,"What pregnancy dreams usually symbolize — a new project, personal growth, creativity, and potential taking shape, not always a literal baby. Tap for the full meaning, common scenarios & what it says about you. #dreamaboutpregnancy #pregnancydreammeaning #dreamingofbeingpregnant #pregnancyindreams #dreaminterpretationpregnancy",https://moonwhisper-hipower159-6132s-projects.vercel.app/posts/dream-about-pregnancy,Dream Meanings,"dream about pregnancy, pregnancy dream meaning, dreaming of being pregnant, pregnancy in dreams, dream interpretation pregnancy"
pins/dream-about-rats.png,Dream About Rats — Meaning & Interpretation,"What rat dreams mean — hidden worries, betrayal, guilt, and the small problems multiplying in the background. Here's how to read them. Tap for the full meaning, common scenarios & what it says about you. #dreamaboutrats #ratdreammeaning #ratsindreams #dreamaboutmiceandrats #ratdreaminterpretation",https://moonwhisper-hipower159-6132s-projects.vercel.app/posts/dream-about-rats,Dream Meanings,"dream about rats, rat dream meaning, rats in dreams, dream about mice and rats, rat dream interpretation"
pins/dream-about-snakes.png,Dream About Snakes — Meaning & Interpretation,"What it means to dream about snakes, from transformation and healing to hidden fears and people you should watch. Tap for the full meaning, common scenarios & what it says about you. #dreamaboutsnakes #snakedreammeaning #snakesindreams #biblicalmeaningofsnakesindreams #snakedreaminterpretation",https://moonwhisper-hipower159-6132s-projects.vercel.app/posts/dream-about-snakes,Dream Meanings,"dream about snakes, snake dream meaning, snakes in dreams, biblical meaning of snakes in dreams, snake dream interpretation"
pins/dream-about-spiders.png,Dream About Spiders — Meaning & Interpretation,"What spider dreams usually mean — feeling trapped or tangled, a manipulative person, or your own creativity weaving something new. Tap for the full meaning, common scenarios & what it says about you. #dreamaboutspiders #spiderdreammeaning #dreamingofspiders #spidersindreams #dreaminterpretationspiders",https://moonwhisper-hipower159-6132s-projects.vercel.app/posts/dream-about-spiders,Dream Meanings,"dream about spiders, spider dream meaning, dreaming of spiders, spiders in dreams, dream interpretation spiders"
pins/dream-about-taking-a-test.png,Dream About Taking a Test — Meaning & Interpretation,"Why exam dreams keep coming back long after school ends, and what they reveal about self-doubt, pressure, and feeling judged. Tap for the full meaning, common scenarios & what it says about you. #dreamabouttakingatest #examdreammeaning #testdreaminterpretation #dreamingoffailingatest #testanxietydream",https://moonwhisper-hipower159-6132s-projects.vercel.app/posts/dream-about-taking-a-test,Dream Meanings,"dream about taking a test, exam dream meaning, test dream interpretation, dreaming of failing a test, test anxiety dream"
pins/dream-about-teeth-falling-out.png,Dream About Teeth Falling Out — Meaning & Interpretation,"Why dreams about teeth falling out are so common, and what they reveal about anxiety, control, and how you show yourself to the world. Tap for the full meaning, common scenarios & what it says about you. #dreamaboutteethfallingout #teethfallingoutdreammeaning #losingteethindreams #biblicalmeaningofteethfallingoutinadream #teethdreaminterpretation",https://moonwhisper-hipower159-6132s-projects.vercel.app/posts/dream-about-teeth-falling-out,Dream Meanings,"dream about teeth falling out, teeth falling out dream meaning, losing teeth in dreams, biblical meaning of teeth falling out in a dream, teeth dream interpretation"
pins/dream-about-water.png,Dream About Water — Meaning & Interpretation,"What water in dreams says about your emotions — from calm, clear water and peace to floods, waves, and feeling overwhelmed. Tap for the full meaning, common scenarios & what it says about you. #dreamaboutwater #waterdreammeaning #waterindreams #biblicalmeaningofwaterindreams #waterdreaminterpretation",https://moonwhisper-hipower159-6132s-projects.vercel.app/posts/dream-about-water,Dream Meanings,"dream about water, water dream meaning, water in dreams, biblical meaning of water in dreams, water dream interpretation"
pins/dream-about-your-crush.png,Dream About Your Crush — Meaning & Interpretation,"What it means to dream about your crush — desire, attention, insecurity, and what your mind is really telling you. Here's how to read it. Tap for the full meaning, common scenarios & what it says about you. #dreamaboutyourcrush #crushdreammeaning #dreamingaboutsomeoneyoulike #doesdreamingaboutyourcrushmeananything #crushdreaminterpretation",https://moonwhisper-hipower159-6132s-projects.vercel.app/posts/dream-about-your-crush,Dream Meanings,"dream about your crush, crush dream meaning, dreaming about someone you like, does dreaming about your crush mean anything, crush dream interpretation"
pins/dream-about-your-ex.png,Dream About Your Ex — Meaning & Interpretation,"What dreams about an ex usually mean — unresolved feelings, lessons learned, and closure, not a sign of a literal reunion. Tap for the full meaning, common scenarios & what it says about you. #dreamaboutyourex #exdreammeaning #dreamingaboutanex #exindreams #dreaminterpretationex",https://moonwhisper-hipower159-6132s-projects.vercel.app/posts/dream-about-your-ex,Dream Meanings,"dream about your ex, ex dream meaning, dreaming about an ex, ex in dreams, dream interpretation ex"
